epoch,loss,validation accuracy,best validation accuracy
0,3.943421036397156,5.825966282894737,5.825966282894737
