epoch,loss,validation accuracy,best validation accuracy
0,2.303118999902304,10.328733766233766,10.328733766233766
1,2.3028545627346286,10.328733766233766,10.328733766233766
2,2.3026585424101196,10.328733766233766,10.328733766233766
