epoch,loss,validation accuracy,best validation accuracy
0,2.302511568193312,10.146103896103897,10.146103896103897
1,2.3019072359258477,10.146103896103897,10.146103896103897
2,2.301311319524592,10.308441558441558,10.308441558441558
3,2.300639177297617,10.349025974025974,10.349025974025974
