epoch,loss,validation accuracy,best validation accuracy
0,2.3025205537870335,10.308441558441558,10.308441558441558
1,2.3021391181202677,10.308441558441558,10.308441558441558
