epoch,loss,validation accuracy,best validation accuracy
0,2.3030353118846945,9.699675324675324,9.699675324675324
1,2.3025836015676524,9.699675324675324,9.699675324675324
2,2.3021975678282898,9.699675324675324,9.699675324675324
3,2.301801923033479,9.882305194805195,9.882305194805195
