epoch,loss,validation accuracy,best validation accuracy
0,2.3031419840725986,9.882305194805195,9.882305194805195
1,2.3027214663369313,10.085227272727273,10.085227272727273
2,2.302428298182302,9.983766233766234,10.085227272727273
3,2.3019461507921095,9.882305194805195,10.085227272727273
